{
    "Age": 34.0,
    "Baldness": 0,
    "Beard": 0.0,
    "Expression": 0.7782537078857422,
    "Gender": 0.0,
    "Glasses": 0,
    "Pitch": 9.26462459564209,
    "Yaw": 3.1520731449127197
}