{
    "Age": 0.0,
    "Baldness": 0.0,
    "Beard": 59.3516960144043,
    "Expression": 66.15885162353516,
    "Gender": 1.0,
    "Glasses": 0.0,
    "Pitch": 9.26457405090332,
    "Yaw": 3.1521072387695312
}