{
    "Age": 0.0,
    "Baldness": 0.0,
    "Beard": 0.0,
    "Expression": 0.9998588562011719,
    "Gender": 0.0,
    "Glasses": 0.0,
    "Pitch": 14.016705513000488,
    "Yaw": 1.2155518531799316
}