{
    "Age": 25.0,
    "Baldness": 0,
    "Beard": 1.0,
    "Expression": 0.026953659057617152,
    "Gender": 0.0,
    "Glasses": 0,
    "Pitch": 8.280508995056152,
    "Yaw": -0.679990828037262
}