{
    "Age": 34.0,
    "Baldness": 0,
    "Beard": 0.0,
    "Expression": 0.7790435791015625,
    "Gender": 0.0,
    "Glasses": 0,
    "Pitch": 9.264591217041016,
    "Yaw": 3.1520464420318604
}