{
    "Age": 0.0,
    "Baldness": 0.0,
    "Beard": 99.78750610351562,
    "Expression": 100.0,
    "Gender": 0.0,
    "Glasses": 0.0,
    "Pitch": 14.016678810119629,
    "Yaw": 1.2155683040618896
}