{
    "Age": 0.0,
    "Baldness": 0.0,
    "Beard": 1.0,
    "Expression": 0.026953659057617152,
    "Gender": 0.0,
    "Glasses": 0.0,
    "Pitch": 8.280550003051758,
    "Yaw": -0.6801097989082336
}