{
    "Age": 0.0,
    "Baldness": 0.0,
    "Beard": 94.3187026977539,
    "Expression": 82.69775390625,
    "Gender": 1.0,
    "Glasses": 0.0,
    "Pitch": 8.280571937561035,
    "Yaw": -0.6800855398178101
}