{
    "Age": 38.0,
    "Baldness": 0,
    "Beard": 0.0,
    "Expression": 0.9998588562011719,
    "Gender": 0.0,
    "Glasses": 0,
    "Pitch": 14.01664924621582,
    "Yaw": 1.2155898809432983
}