{
    "Age": 38.0,
    "Baldness": 0,
    "Beard": 0.0,
    "Expression": 0.9998583221435546,
    "Gender": 0.0,
    "Glasses": 0,
    "Pitch": 14.016697883605957,
    "Yaw": 1.2155717611312866
}