{
    "Age": 25.0,
    "Baldness": 0,
    "Beard": 1.0,
    "Expression": 0.02700462341308596,
    "Gender": 0.0,
    "Glasses": 0,
    "Pitch": 8.280537605285645,
    "Yaw": -0.6800734996795654
}