{
    "Age": 0.0,
    "Baldness": 0.0,
    "Beard": 0.0,
    "Expression": 0.7792901611328125,
    "Gender": 0.0,
    "Glasses": 0.0,
    "Pitch": 9.264595985412598,
    "Yaw": 3.152090549468994
}