{
    "Age": 0.0,
    "Baldness": 0.0,
    "Beard": 0.0,
    "Expression": 0.5389394760131836,
    "Gender": 0.0,
    "Glasses": 1.0,
    "Pitch": -5.150993824005127,
    "Yaw": 2.2166740894317627
}