{
    "Age": 52.0,
    "Baldness": 0,
    "Beard": 0.0,
    "Expression": 0.5365874862670899,
    "Gender": 0.0,
    "Glasses": 1,
    "Pitch": -5.151071548461914,
    "Yaw": 2.2166428565979004
}