{
    "Age": 52.0,
    "Baldness": 0,
    "Beard": 0.0,
    "Expression": 0.5353739166259766,
    "Gender": 0.0,
    "Glasses": 1,
    "Pitch": -5.1510515213012695,
    "Yaw": 2.2166504859924316
}