{
    "Age": 0.0,
    "Baldness": 0.0,
    "Beard": 88.15361022949219,
    "Expression": 48.37053680419922,
    "Gender": 1.0,
    "Glasses": 1.0,
    "Pitch": -5.212009429931641,
    "Yaw": 2.2185473442077637
}