{
    "Age": 0.0,
    "Baldness": 0.0,
    "Beard": 97.01066589355469,
    "Expression": 99.67448425292969,
    "Gender": 0.0,
    "Glasses": 1.0,
    "Pitch": -2.2891271114349365,
    "Yaw": -1.797412395477295
}