{
    "Age": 24.0,
    "Baldness": 0,
    "Beard": 0.0,
    "Expression": 0.9984253692626953,
    "Gender": 0.0,
    "Glasses": 1,
    "Pitch": -2.2891063690185547,
    "Yaw": -1.7973811626434326
}