{
    "Age": 0.0,
    "Baldness": 0.0,
    "Beard": 98.89617919921875,
    "Expression": 100.0,
    "Gender": 0.0,
    "Glasses": 0.0,
    "Pitch": 6.152254104614258,
    "Yaw": -23.538896560668945
}