{
    "Age": 0.0,
    "Baldness": 0.0,
    "Beard": 0.0,
    "Expression": 0.9984222412109375,
    "Gender": 0.0,
    "Glasses": 1.0,
    "Pitch": -2.2890806198120117,
    "Yaw": -1.7973746061325073
}