{
    "Age": 24.0,
    "Baldness": 0,
    "Beard": 0.0,
    "Expression": 0.9984222412109375,
    "Gender": 0.0,
    "Glasses": 1,
    "Pitch": -2.2831194400787354,
    "Yaw": -1.7939413785934448
}