{
    "Age": 32.0,
    "Baldness": 0,
    "Beard": 0.0,
    "Expression": 0.9956667327880859,
    "Gender": 0.0,
    "Glasses": 0,
    "Pitch": 6.152101039886475,
    "Yaw": -23.539003372192383
}