{
    "Age": 0.0,
    "Baldness": 0.0,
    "Beard": 0.0,
    "Expression": 0.9956667327880859,
    "Gender": 0.0,
    "Glasses": 0.0,
    "Pitch": 6.152220249176025,
    "Yaw": -23.53887367248535
}