{
    "Age": 32.0,
    "Baldness": 0,
    "Beard": 0.0,
    "Expression": 0.9956752014160156,
    "Gender": 0.0,
    "Glasses": 0,
    "Pitch": 6.152069568634033,
    "Yaw": -23.538986206054688
}