{
    "Age": 0.0,
    "Baldness": 0.0,
    "Beard": 99.34892272949219,
    "Expression": 87.03125,
    "Gender": 0.0,
    "Glasses": 0.0,
    "Pitch": -12.86915397644043,
    "Yaw": -2.1466774940490723
}