{
    "Age": 0.0,
    "Baldness": 0.0,
    "Beard": 0.0,
    "Expression": 0.003519439697265647,
    "Gender": 0.0,
    "Glasses": 0.0,
    "Pitch": -12.869245529174805,
    "Yaw": -2.146665096282959
}