{
    "Age": 24.0,
    "Baldness": 0,
    "Beard": 0.0,
    "Expression": 0.003505859375000031,
    "Gender": 0.0,
    "Glasses": 0,
    "Pitch": -12.869175910949707,
    "Yaw": -2.1466805934906006
}