{
    "Age": {},
    "Baldness": "",
    "Beard": 99.32830047607422,
    "Expression": 94.30339050292969,
    "Gender": "female",
    "Glasses": false,
    "Pitch": 1.838077425956726,
    "Yaw": 9.665702819824219
}