{
    "Age": 23.0,
    "Baldness": 0,
    "Beard": 0.0,
    "Expression": 0.93130126953125,
    "Gender": 0.0,
    "Glasses": 0,
    "Pitch": 1.8381046056747437,
    "Yaw": 9.665714263916016
}