{
    "Age": 0.0,
    "Baldness": 0.0,
    "Beard": 0.0,
    "Expression": 0.9312704467773437,
    "Gender": 0.0,
    "Glasses": 0.0,
    "Pitch": 1.838122844696045,
    "Yaw": 9.66569995880127
}