{
    "Age": 0.0,
    "Baldness": 0.0,
    "Beard": 99.3270034790039,
    "Expression": 94.30339050292969,
    "Gender": 0.0,
    "Glasses": 0.0,
    "Pitch": 1.8381097316741943,
    "Yaw": 9.665718078613281
}