{
    "Age": 23.0,
    "Baldness": 0,
    "Beard": 0.0,
    "Expression": 0.9311781311035157,
    "Gender": 0.0,
    "Glasses": 0,
    "Pitch": 1.838111162185669,
    "Yaw": 9.665703773498535
}